{"cameraMode":{"drawMode":0,"name":"Shaded","section":"Shading Mode"},"sceneLighting":true,"audioPlay":false,"sceneViewState":{"m_AlwaysRefresh":false,"showFog":true,"showSkybox":true,"showFlares":true,"showImageEffects":true,"showParticleSystems":true,"showVisualEffectGraphs":true,"m_FxEnabled":true},"in2DMode":false,"pivot":{"x":161.99456787109376,"y":366.816162109375,"z":1.850433349609375},"rotation":{"x":-0.003306914819404483,"y":0.005119143519550562,"z":-0.00003670725709525868,"w":-1.0000295639038087},"size":240.60604858398438,"orthographic":false}