{"cameraMode":{"drawMode":0,"name":"Shaded","section":"Shading Mode"},"sceneLighting":true,"audioPlay":false,"sceneViewState":{"m_AlwaysRefresh":false,"showFog":true,"showSkybox":true,"showFlares":true,"showImageEffects":true,"showParticleSystems":true,"showVisualEffectGraphs":true,"m_FxEnabled":true},"in2DMode":false,"pivot":{"x":100.6983413696289,"y":329.8321228027344,"z":2.242919921875},"rotation":{"x":-0.046787142753601077,"y":0.014102851040661335,"z":-0.0006801462732255459,"w":-0.9988535642623901},"size":240.60604858398438,"orthographic":false}