{"cameraMode":{"drawMode":0,"name":"Shaded","section":"Shading Mode"},"sceneLighting":true,"audioPlay":false,"sceneViewState":{"m_AlwaysRefresh":false,"showFog":true,"showSkybox":true,"showFlares":true,"showImageEffects":true,"showParticleSystems":true,"showVisualEffectGraphs":true,"m_FxEnabled":true},"in2DMode":false,"pivot":{"x":167.64691162109376,"y":249.28163146972657,"z":-4.722320556640625},"rotation":{"x":-0.018306201323866845,"y":-0.0008812665473669767,"z":8.811614407022717e-7,"w":-0.9998759627342224},"size":133.02243041992188,"orthographic":false}